FishName,Fish Length (pixel),FishArea(pixel^2),SpineLength(pixel),SpineCurvature(degrees),MaximumAnteriorCurve(degrees),MaximumPosteriorCurve(degrees),AverageVertebraLength,StandardDeviationVertebraLength,AverageVertebraArea,StandardDeviationVertebraArea,AverageBMD,StandardDeviationBMD,AverageDiskHealth,StandardDeviationDiskHealth,Age Cohort,Group
I20200224191953.1.dcm,1998,1998,959653,1942,0,11.36,55.606,4.272,1436.1,216.873,12.547,5.79,8.448601872,5.859049462,Young 2,Wild Type
I20200224191953.2.dcm,2810,2810,1233667,2148,13.7,0,64.138,7.988,1928.7,255.165,16.435,5.968,10.65201525,7.023161932,Young 2,Wild Type
I20200224191953.3.dcm,2689,2689,1634448,2305,31.56,18.79,67.548,9.004,2174.909,216.804,18.15,8.814,8.509719791,11.21937231,Young 2,Wild Type
I20200224191953.4.dcm,2895,2895,1202564,2247,11.46,7.97,64.031,6.478,1922.1,427.105,18.511,5.665,14.58613509,5.742116951,Young 2,Wild Type
I20200224191953.5.dcm,3209,3209,1798594,2682,18.01,0,85.854,38.724,3138.5,1385.28,25.169,5.22,18.93661347,5.292678352,Young 2,Wild Type
I20200224192348.1.dcm,2359,2359,940839,1944,11.81,0,52.492,3.612,1191.9,149.459,10.725,6.19,7.360201119,6.627360253,Old,Wild Type
I20200224192348.2.dcm,2961,2961,1279779,2620,30.68,0,68.614,8.082,1788.8,189.124,22.453,6.278,17.9353703,5.325116955,Old,Wild Type
I20200224192348.3.dcm,2523,2523,1491218,2300,26.27,0,65.713,2.888,1967.6,141.184,19.074,4.937,6.697009882,5.621532206,Old,Wild Type
I20200224192348.4.dcm,1997,1997,1499166,2079,0,0,72.759,25.146,2132.444,713.568,24.707,4.647,15.95833316,4.017470989,Old,Wild Type
I20200224192348.5.dcm,2833,2833,1694654,2211,20.84,0,74.133,21.226,2260.333,550.476,37.409,6.203,27.98128688,6.384285104,Old,Wild Type
I20200224192511.1.dcm,2353,2353,936323,1958,14.65,0,63.085,18.07,1536.111,372.137,13.538,5.804,8.815322342,5.479559591,Old,Wild Type
I20200224192511.2.dcm,3297,3297,1860159,2543,22.2,17,65.956,4.919,2106.3,230.924,31.029,7.674,25.93975281,7.41893281,Old,Wild Type
I20200224192511.3.dcm,2618,2618,1331215,2031,34.58,22.78,52.916,11.936,1446.2,352.955,19.277,5.532,18.18956332,5.032494859,Old,Wild Type
I20200224192511.4.dcm,3179,3179,1830024,2403,28.27,0,80.746,10.313,2332.3,318.242,24.654,5.169,15.53298547,4.253310975,Old,Wild Type
I20200224192932.1.dcm,2318,2318,920597,1907,25.58,16.79,55.956,4.491,1255.5,138.542,11.097,5.726,6.456092362,5.801734739,Old,Wild Type
I20200224192932.2.dcm,2746,2746,1802404,2365,43.64,23.39,75.135,12.729,2353,417.861,35.359,8.254,31.2778066,7.030293537,Old,Wild Type
I20200224192932.3.dcm,2527,2527,1666205,2331,26.2,0,102.447,25.604,2547.75,605.365,31.541,6.451,24.22582671,5.902741607,Old,Wild Type
I20200224193136.1.dcm,2315,2315,912881,1859,15.57,0,52.08,3.526,1032.6,157.455,10.928,5.795,7.100762201,5.786306142,Old,Wild Type
I20200224193136.2.dcm,2780,2780,1565525,2502,24.25,14.6,81.385,23.978,2466.444,765.317,30.818,7.28,23.25025896,5.786822767,Old,Wild Type
I20200224193136.3.dcm,2784,2784,1622897,2538,21.94,0,96.607,22.44,2557.667,528.088,27.171,7.467,19.55525534,5.853447861,Old,Wild Type
I20200224193136.4.dcm,3310,3310,2059159,2690,23.75,0,93.027,25.598,3141,819.968,37.467,7.976,30.82012214,5.594894103,Old,Wild Type
I20200224193318.1.dcm,2324,2324,913228,1929,19.2,9.89,54.699,5.103,1215.6,249.786,12.405,5.399,8.935749474,5.518908212,Old,Wild Type
I20200224193318.2.dcm,2583,2583,993196,2025,14.51,0,60.96,3.973,1631.6,131.814,13.35,4.202,6.178002626,3.79430222,Young 2,1
I20200224193318.3.dcm,2539,2539,1103600,2065,15.25,9.27,56.76,2.89,1442.6,85.153,12.494,6.326,7.203678203,5.677252672,Young 2,1
I20200224193318.4.dcm,2657,2657,1129604,2113,13.55,6.5,59.343,3.928,1593.1,226,17.189,5.423,17.45509261,6.406424276,Young 2,1
I20200224193318.5.dcm,2545,2545,1048883,2300,9.9,0,53.633,3.334,1183.6,142.373,17.023,4.744,17.70339857,5.402562711,Young 2,1
I20200224193318.6.dcm,2593,2593,1071308,2074,11.19,0,58.195,4.758,1602,282.922,13.931,4.072,9.934788696,3.635745977,Young 2,1
I20200224193448.1.dcm,2340,2340,913991,1943,17.76,0,63.01,23.14,1489.889,668.578,11.412,6.041,6.813807065,5.536571606,Young 2,1
I20200224193448.2.dcm,2811,2811,1240336,2118,11.1,0,63.51,5.884,1677.6,330.298,20.296,5.412,13.52619693,5.061948052,Young 2,1
I20200224193448.3.dcm,2541,2541,1506474,2291,17.68,0,59.478,4.646,1647.4,210.941,27.651,9.239,23.15482481,9.286195481,Young 2,1
I20200224193448.4.dcm,2963,2963,1722413,2449,18.93,0,63.697,6.824,2004.636,357.077,24.288,7.948,17.62589976,7.038632071,Young 2,1
I20200224193448.5.dcm,2644,2644,1253763,2113,20.1,0,61.157,3.328,1665.6,144.624,14.059,5.627,9.302743119,5.594240451,Young 2,1
I20200224193553.1.dcm,2309,2309,904887,1933,20.42,11.68,61.657,20.623,1475.778,491.985,12.341,6.008,8.27302809,5.883105914,Young 2,1
I20200224193553.2.dcm,2479,2479,1027502,2105,6.84,0,59.12,3.693,1298.3,221.596,13.436,4.93,7.831294261,5.587307461,Young 2,1
I20200224193553.3.dcm,2430,2430,1263304,2127,14.5,0,62.309,7.792,1761,232.25,22.767,5.063,17.1914586,4.822720096,Young 2,1
I20200224193943.1.dcm,2323,2323,905025,1922,18,0,61.655,21.095,1447.667,493.577,12.129,6.047,8.252495833,5.792159025,Very Young,2
I20200224193943.3.dcm,2166,2166,844242,1826,19.89,0,46.531,8.236,1133.3,99.298,14.022,8.213,7.488369724,6.690347022,Very Young,2
I20200224193943.4.dcm,2106,2106,772154,1738,21.07,0,56.128,21.124,1275,529.268,4.897,3.921,-0.9351975397,3.478105036,Very Young,2
I20200224193943.5.dcm,2426,2426,995184,1995,16.65,0,57.346,4.188,1552.5,222.095,10.135,4.662,3.280785172,3.906878126,Very Young,2
I20200224193943.6.dcm,2190,2190,869185,1803,19.74,0,49.404,5.428,1156.2,200.015,3.717,3.797,0.3522721593,3.245242966,Very Young,2
I20200224193943.7.dcm,1904,1904,668175,1833,15.78,0,51.884,3.628,1232.7,79.812,6.86,3.925,1.120063844,4.144868172,Very Young,2
I20200224194123.1.dcm,2267,2267,900147,1918,12.22,0,53.137,5.792,1316.6,199.366,11.299,5.357,7.891575133,5.050992961,Very Young,2
I20200224194123.2.dcm,2296,2296,923437,1856,17,0,53.996,3.785,1326.2,152.581,12.846,3.717,5.457570371,3.333071546,Very Young,2
I20200224194123.3.dcm,2250,2250,885780,1831,16.58,0,48.965,3.631,1034.7,123.167,11.523,4.902,6.717385021,4.137654159,Very Young,2
I20200224194123.4.dcm,2269,2269,967232,1946,23.58,0,51.027,5.52,1013.6,179.285,8.539,5.105,4.756316119,4.038748491,Very Young,2
I20200224194123.5.dcm,2195,2195,965156,1916,16.25,0,58.337,5.18,1449.4,138.896,10.173,4.245,4.82598209,3.826044496,Very Young,2
I20200224194123.7.dcm,1803,1803,440588,1729,18.26,0,47.984,4.157,1161.4,139.896,3.024,3.009,-1.646658413,2.856799382,Very Young,2
I20200224194233.1.dcm,2234,2234,882575,1928,22.56,0,53.154,4.582,1297.9,240.208,10.805,5.488,7.463046864,5.610376533,Very Young,2
I20200224194233.2.dcm,2302,2302,849655,1861,14.55,0,57.116,3.014,1420.1,113.327,8.471,4.802,1.978823622,4.522808304,Very Young,2
I20200224194233.3.dcm,1967,1967,694626,1794,14.79,0,47.397,6.435,1224.9,199.464,4.611,3.232,-3.047039894,3.479923438,Very Young,2
I20200224194233.4.dcm,2188,2188,886391,1943,22.76,0,58.634,5.351,1400.8,229.035,4.69,4.153,-1.258781267,3.402183632,Very Young,2
I20200224194233.5.dcm,1847,1847,788248,1893,17.19,0,51.23,7.515,1175.2,200.781,3.257,4.144,-0.8753682473,3.153966575,Very Young,2
I20200224194233.6.dcm,2196,2196,817613,1818,17.16,0,47.829,3.874,1069.3,120.241,4.029,4.656,0.5020242105,4.185588557,Very Young,2
I20200224194233.7.dcm,2144,2144,572283,1841,26.09,0,48.204,5.33,1095.333,129.815,6.071,5.003,2.450536212,4.440717505,Old,Wild Type
I20200224194418.1.dcm,2282,2282,914098,1875,19.84,0,55.468,3.032,1321.6,110.34,9.281,5.676,4.495583937,5.925874871,Old,Wild Type
I20200224194418.2.dcm,2779,2779,1820267,2732,19.74,5.81,76.584,26.729,2339.889,843.578,32.691,6.849,26.92706275,5.773241445,Old,Wild Type
I20200224194418.3.dcm,2922,2922,2088525,2845,26.9,0,73.498,8.46,1959.5,300.515,33.736,8.349,25.93569466,7.527817615,Old,Wild Type
I20200224194418.4.dcm,3165,3165,1980495,2792,24.96,0,83.527,26.352,2586.875,939.895,32.08,8.16,25.91627894,7.788485007,Old,Wild Type
I20200224194418.5.dcm,3039,3039,1466673,2634,17.7,0,73.429,7.18,2427.1,270.505,27.651,7.872,22.83580192,7.688637546,Old,Wild Type
I20200224194621.1.dcm,2241,2241,898269,1926,21.16,0,57.042,4.929,1316.9,141.213,8.928,5.715,4.371155643,5.844781083,Old,Wild Type
I20200224194621.2.dcm,2805,2805,1470115,2415,26.52,16.07,69,6.979,1755.3,366.648,18.051,6.874,11.74015481,5.366059207,Old,Wild Type
I20200224194621.3.dcm,3100,3100,1856335,2594,29.37,0,69.158,8.47,1943.9,271.801,22.126,7.228,17.07174328,5.219511861,Old,Wild Type
I20200224194621.4.dcm,3062,3062,1609487,2478,29.94,0,78.233,27.179,2255.667,717.636,22.485,7.183,17.24958185,6.442605263,Old,Wild Type
I20200224194621.5.dcm,3188,3188,1938264,2588,22.79,0,70.974,7.059,2136.4,327.719,22.71,7.898,17.58462913,6.217878388,Old,Wild Type
I20200224194758.1.dcm,2237,2237,891088,1920,25.13,0,59.018,21.738,1278.444,487.779,7.708,6.183,4.370482876,5.949657926,Old,Wild Type
I20200224194758.2.dcm,2276,2276,1358807,2289,28.62,0,47.895,11.885,1321.9,393.062,16.143,3.328,11.73924664,3.056946877,Old,Wild Type
I20200224194758.3.dcm,2425,2425,1467514,2141,80.3,0,123.059,32.522,2676.333,727.374,15.947,6.443,9.140943841,5.572462424,Old,Wild Type
I20200224194758.4.dcm,2832,2832,1547659,2309,27.33,0,70.572,8.208,2250.1,268.727,21.414,4.959,11.26480433,5.028695383,Old,Wild Type
I20200224195004.1.dcm,2229,2229,882613,1921,22.34,0,53.569,5.638,1094.6,150.333,10.097,5.77,6.331584095,5.628881997,Old,Wild Type
I20200224195004.2.dcm,2882,2882,1542770,2438,30.38,0,76.9,29.987,2029.333,779.048,22.22,7.052,14.87667155,5.853500775,Old,Wild Type
I20200224195004.3.dcm,2657,2657,1343295,2266,22.53,0,62.542,6.67,1818.7,375.319,14.119,5.124,6.664120413,4.645958485,Old,Wild Type
I20200224195004.4.dcm,2944,2944,1511413,2363,26.69,16.46,65.846,7.621,2040.5,469.909,23.347,6.436,13.06356523,6.813503043,Old,Wild Type
I20200224195004.5.dcm,2889,2889,1661767,2349,41.89,0,78.154,14.869,2016.9,421.514,26.512,8.443,18.34417901,6.853726148,Old,Wild Type
I20200224195004.6.dcm,2840,2840,1277116,2371,17.05,0,63.049,4.862,1588,231.705,25.135,6.314,18.67502715,5.954622758,Old,Wild Type
I20200224195128.1.dcm,2221,2221,878694,1903,9.39,0,51.838,4.221,1153.5,214.583,9.831,5.92,6.048791484,5.843887169,Old,Wild Type
I20200224195128.2.dcm,3168,3168,1618632,2644,32.95,19.68,77.528,7.297,2328,419.258,23.346,5.193,14.60802707,5.351382592,Old,Wild Type
I20200224195128.3.dcm,2871,2871,1671441,2497,30.48,0,77.259,12.926,2049.2,338.982,26.876,6.37,19.61391697,5.897651123,Old,Wild Type
I20200224195128.4.dcm,3430,3430,2018000,2947,35.1,0,80.519,15.356,2350,507.827,29.372,4.984,20.79763171,3.438461704,Old,Wild Type
I20200224195128.5.dcm,3148,3148,1699449,2565,25.63,0,66.348,5.92,1612.3,286.592,23.035,5.184,14.26145804,5.458654525,Old,Wild Type
I20200224195316.1.dcm,2233,2233,888528,1950,21.49,0,53.528,5.187,1165.7,174.574,8.772,5.67,4.805495494,5.724941215,Old,Wild Type
I20200224195316.2.dcm,2338,2338,1482258,2331,23.49,0,94.787,18.952,2233.111,567.652,27.792,6.878,21.58258181,5.828310194,Old,Wild Type
I20200224195316.4.dcm,2513,2513,1641676,2346,38.88,0,72.279,6.562,2067.7,353.732,28.504,8.845,21.82399489,7.805673767,Old,Wild Type
I20200224195525.1.dcm,2228,2228,883345,1914,25.38,14.31,52.04,3.188,991.5,178.031,6.594,5.492,3.512946316,5.772427864,Old,Wild Type
I20200224195525.2.dcm,2930,2930,1697746,2660,37.75,0,78.441,7.572,2551.9,125.216,44.107,7.557,37.14565824,7.885724679,Old,Wild Type
I20200224195525.3.dcm,3399,3399,2365835,2969,53.36,30.76,80.478,13.501,2489.1,409.588,42.043,9.578,37.90912024,8.260943362,Old,Wild Type
I20200224195525.4.dcm,2825,2825,1829024,2622,42.95,22.03,74.685,6.865,2311.6,277.671,36.246,7.983,27.41472279,7.534310797,Young 1,3
I20200224200123.1.dcm,2275,2275,783675,1940,20.32,0,53.725,4.57,1154.5,201.72,8.609,6.187,4.517667565,5.994675298,Young 1,3
I20200224200123.2.dcm,1735,1735,607412,1787,17.82,0,44.627,2.472,821,117,-2.963,4.005,-5.635140164,3.835142191,Young 1,3
I20200224200123.3.dcm,2029,2029,627542,1824,4.26,10.26,50.106,6.241,1334.889,174.491,10.158,8.129,8.910248911,8.288778785,Young 1,3
I20200224200123.4.dcm,2094,2094,1082663,2104,20.74,7.42,60.091,4.38,1395.7,178.053,8.009,6.126,1.182884099,5.844172954,Young 1,3
I20200224200123.5.dcm,1928,1928,713353,1701,12.8,0,48.063,4.926,1054.4,153.535,-2.978,4.775,-7.260470423,3.974352591,Young 1,3
I20200224200123.6.dcm,2027,2027,681478,1931,12.19,7.53,47.205,4.114,1043.3,131.613,1.333,4.211,-4.086898218,4.085083034,Young 1,3
I20200224200123.7.dcm,2159,2159,921165,1844,20.41,0,54.909,6.578,1260.4,309.118,-0.069,7.212,-5.004677972,5.691788762,Young 1,3
I20200224200246.1.dcm,2279,2279,786520,1954,18.8,0,54.533,3.781,1315.4,170.118,8.082,6.288,3.357026521,6.485530808,Young 1,3
I20200224200246.2.dcm,2291,2291,932995,1974,20.62,0,54.795,4.493,1302.8,162.665,0.993,5.295,-4.990231676,5.655896117,Young 1,3
I20200224200246.3.dcm,1921,1921,712440,1722,17.79,7.04,55.056,17.89,1151.778,373.059,-4.801,4.223,-10.31330868,4.642023472,Young 1,3
I20200224200246.4.dcm,2122,2122,869062,1830,15.43,11.18,56.317,6.491,1404.1,233.585,5.298,4.756,-1.668094225,3.494240528,Young 1,3
I20200224200246.5.dcm,2173,2173,937827,1884,18.66,0,51.272,5.63,1208.3,229.534,4.002,5.213,0.06674806158,3.792178654,Young 1,3
I20200224200246.6.dcm,2172,2172,809357,1818,23.99,0,62.553,24.601,1430.444,612.363,5.26,4.349,-0.06591746945,3.186344101,Young 1,3
I20200224200246.7.dcm,1915,1915,754091,1700,20.99,0,55.57,17.132,1272.111,345.981,1.319,7.735,-4.906039455,6.290864849,Young 1,3
I20200224200415.1.dcm,2049,2049,824687,1934,16.11,5.22,60.982,20.895,1429.667,494.613,8.505,6.031,3.853619218,6.076183736,Young 1,3
I20200224200415.2.dcm,2107,2107,713825,1832,10.36,0,51.591,2.827,1240.1,291.781,1.818,7.934,-4.113189656,7.900046053,Young 1,3
I20200224200415.3.dcm,2215,2215,759634,1940,16.29,0,50.675,6.89,1241.2,238.937,1.964,3.649,-2.79848729,2.90535899,Young 1,3
I20200224200415.4.dcm,1611,1611,661005,1666,19.03,0,49.78,5.185,979.444,132.706,-4.036,3.207,-7.390839019,2.363350147,Young 1,3
I20200224200415.5.dcm,1637,1637,758903,1840,0,0,61.122,37.714,1320.375,768.865,4.231,3.988,-0.2013446616,3.366625935,Young 1,3
I20200224200415.6.dcm,1937,1937,835493,1770,14.39,0,49.417,3.737,1070.2,164.35,0.489,4.63,-2.833228411,4.265622086,Young 1,3
I20200224200415.7.dcm,1725,1725,583529,1804,0,179.84,48.331,4.152,1097.6,144.79,2.979,3.781,0.3600062353,2.925634183,Very Young,Wild Type
I20200224200605.1.dcm,2052,2052,823621,1972,17.35,6.37,51.775,3.042,1087.6,106.424,5.956,5.956,2.571001164,6.26942434,Very Young,Wild Type
I20200224200605.3.dcm,2348,2348,919945,1995,18.62,13.92,50.834,3.429,1187.1,139.8,4.514,5.417,0.4034128947,3.878476282,Very Young,Wild Type
I20200224200605.4.dcm,2035,2035,1024504,2118,36.98,0,61.605,10.121,1287.6,123.624,9.188,8.532,0.8003265717,7.027197863,Very Young,Wild Type
I20200224200605.5.dcm,2166,2166,849574,1901,17.81,10.12,58.222,20.551,1446.556,467.711,1.848,5.126,-6.169335831,6.138666329,Very Young,Wild Type
I20200224200605.6.dcm,2031,2031,1098544,2028,19.83,6.17,63.84,26.117,1487.4,571.169,2.427,6.574,-2.284245173,6.160773975,Very Young,Wild Type
I20200224200713.1.dcm,2047,2047,821767,1927,19.47,0,55.078,5.059,1251.3,289.147,8.477,5.751,3.590112633,5.216549032,Very Young,Wild Type
I20200224200713.2.dcm,1911,1911,702446,1857,0,0,49.863,6.633,1175.4,188.812,2.742,5.746,-3.546751562,4.926496935,Very Young,Wild Type
I20200224200713.3.dcm,2203,2203,1035614,2118,29.4,0,59.213,9.074,1316.6,156.93,6.265,5.608,0.763385635,5.074690141,Very Young,Wild Type
I20200224200713.4.dcm,2278,2278,1083693,2054,24.92,11.96,55.953,3.014,1375.444,126.933,2.84,4.209,-3.18028165,4.021083041,Very Young,Wild Type
I20200224200713.5.dcm,1964,1964,884919,1960,17.51,0,53.152,4.276,1178.5,139.047,7.182,4.647,1.138528646,3.499367303,Very Young,Wild Type
I20200224200713.6.dcm,1836,1836,802475,1882,18.42,5.06,50.412,3.444,1244.6,159.906,4.086,4.54,-3.483275442,4.88933258,Very Young,Wild Type
I20200224201310.1.dcm,2043,2043,809718,1851,17.79,7.25,53.906,4.33,1324,174.175,8.03,5.612,3.459134236,5.627198386,Very Young,Wild Type
I20200224201310.2.dcm,1589,1589,731348,1774,0,16.84,48.702,4.398,1165.2,188.552,4.245,4.199,0.3174286321,3.638721249,Very Young,Wild Type
I20200224201310.5.dcm,2007,2007,673124,1668,15.91,0,50.755,5.076,1180.2,148.832,1.226,3.831,-3.627126827,3.09002832,Very Young,Wild Type
I20200224201310.6.dcm,1503,1503,648721,1827,0,18.46,49.008,2.45,1219.6,124.824,8.073,4.265,3.151129206,5.014961459,Very Young,Wild Type
I20200224201310.7.dcm,1881,1881,787058,1717,19.7,0,46.233,3.16,1012.9,99.765,-3.051,4.243,-7.28793593,3.917272024,Very Young,Wild Type
I20200224201432.1.dcm,2224,2224,832106,1939,14.62,0,54.002,3.439,1267.2,132.121,6.949,5.582,2.063130808,5.254586199,Very Young,Wild Type
I20200224201432.2.dcm,2083,2083,754490,1860,17.7,7.17,49.476,2.945,1114.375,113.406,6.579,3.413,2.274952799,2.77973613,Very Young,Wild Type
I20200224201432.4.dcm,2102,2102,848088,1843,15.19,0,48.164,2.584,1072,78.301,-2.517,4.191,-6.582465719,4.180471507,Very Young,Wild Type
I20200224201432.5.dcm,1640,1640,832707,1751,0,18.06,52.124,2.868,1173.7,130.637,-1.949,5.248,-6.434801357,4.847606949,Very Young,Wild Type
I20200224201432.6.dcm,2171,2171,754153,1869,24.95,0,54.264,4.504,1247.4,152.98,1.959,5.113,-2.826695062,4.492495992,Very Young,Wild Type
I20200224201432.8.dcm,1971,1971,729335,1800,16.17,0,55.243,6.515,1341.4,190.533,-0.78,4.381,-7.044795571,3.546786171,Young 2,3
I20200224201605.1.dcm,2225,2225,845824,1966,17.9,0,54.824,4.992,1282.7,116.151,6.542,5.827,1.78082028,5.590888738,Young 2,3
I20200224201605.2.dcm,3009,3009,1566106,2289,21.92,0,58.727,4.497,1767.4,186.703,23.299,6.477,14.56729206,4.778072238,Young 2,3
I20200224201605.4.dcm,2789,2789,1532258,2265,30.28,0,60.575,7.748,1751.3,164.745,17.955,7.28,13.14970747,6.664466436,Young 2,3
I20200224201605.5.dcm,3061,3061,1562009,2652,13.54,6.95,65.668,4.605,2034,243.809,23.881,5.362,12.31934468,6.898522008,Young 2,3
I20200224201605.6.dcm,2727,2727,1291267,2446,15.88,0,61.904,4.514,1823.9,208.149,19.207,6.43,10.41346492,8.742198301,Young 2,3
I20200224201730.1.dcm,2225,2225,847508,1934,15.76,0,56.862,5.701,1356.778,91.258,7.325,5.117,2.970053897,4.865852356,Young 2,3
I20200224201730.2.dcm,2908,2908,1607811,2691,15.4,0,66.277,6.063,2088.8,268.352,21.817,6.592,12.01374296,5.370209478,Young 2,3
I20200224201730.3.dcm,2952,2952,1606976,2362,18.6,9.23,57.017,6.495,1622,254.085,19.69,7.592,14.97144556,6.349913354,Young 2,3
I20200224201730.4.dcm,3089,3089,1846343,2991,25.42,0,72.932,8.912,2221.3,234.201,27.311,9.081,18.25391998,8.245481487,Young 2,3
I20200224201730.5.dcm,2619,2619,1305633,2243,22.55,0,69.131,10.746,1929.7,373.184,23.826,6.23,17.76397277,4.048847807,Young 2,3
I20200224201730.6.dcm,2437,2437,1378234,2443,26.5,0,62.904,10.176,1892.4,310.517,25.437,5.481,16.02903455,2.824866324,Young 2,3
I20200224201730.7.dcm,2200,2200,1045668,2009,23.33,13.05,51.349,4.398,1114.2,164.055,9.8,5.887,5.530589588,4.343239167,Young 2,Wild Type
I20200224201917.1.dcm,2115,2115,819312,1866,11.44,0,54.853,2.672,1182,123.895,7.764,5.801,3.133813375,4.947681044,Young 2,Wild Type
I20200224201917.2.dcm,2708,2708,2123719,2821,30.51,18.29,81.38,6.403,2496.9,291.177,21.542,6.985,11.35733778,5.956957894,Young 2,Wild Type
I20200224201917.3.dcm,2508,2508,989278,2389,24.29,0,66.168,6.553,2089.5,328.25,27.708,4.646,20.33238204,3.107314682,Young 2,Wild Type
I20200224201917.4.dcm,2839,2839,1238738,2311,18.7,0,66.934,5.312,1887,244.763,21.39,5.091,14.17699188,6.081926118,Young 2,Wild Type
I20200224201917.5.dcm,3073,3073,1844800,2620,43.9,0,89.116,9.581,2069.8,208.593,18.086,6.701,8.908370255,6.603261317,Young 2,Wild Type
I20200224201917.6.dcm,2637,2637,1118755,2205,9.6,0,66.131,7.267,1821.5,220.835,12.308,4.893,3.661321549,4.908153275,Young 2,Wild Type
I20200224201917.7.dcm,2182,2182,817865,1935,29.84,17.62,51.563,5.232,1183.7,190.544,-3.768,4.507,-9.550582428,3.96112746,Young 2,Wild Type
I20200224202106.1.dcm,2103,2103,810736,1846,17.78,0,53.114,3.251,1227.1,134.44,8.209,5.79,3.849025436,5.831570414,Young 2,Wild Type
I20200224202106.2.dcm,1542,1542,525724,1455,36.32,0,37.818,1.537,666.5,41.34,-9.877,4.386,-13.59220582,3.994390441,Young 2,Wild Type
I20200224202106.3.dcm,1162,1162,603156,1486,0,0,41.057,1.319,805,104.757,-2.608,4.239,-7.833477188,4.00610816,Young 2,Wild Type
I20200224202106.4.dcm,1225,1225,514646,1532,0,15.03,40.249,2.471,775.1,70.285,-8.356,4.88,-11.69918523,4.83293689,Young 2,Wild Type
I20200224202106.5.dcm,1391,1391,653057,1703,0,0,44.23,2.3,988.5,93.782,3.861,5.907,-0.005377666342,5.225672899,Young 2,Wild Type
I20200224202106.6.dcm,732,732,365716,1246,0,0,35.004,2.062,556.1,64.861,-14.87,3.315,-17.85193554,3.037175865,Young 2,Wild Type
I20200224202106.7.dcm,1298,1298,612947,1556,0,0,41.998,2.463,894.7,127.844,-1.51,4.684,-7.463450168,4.33885071,Young 2,Wild Type
I20200224203422.1.dcm,2092,2092,822397,1916,13.34,0,55.324,7.094,1205.364,154.609,4.553,6.934,-0.5089979893,6.679660662,Old,1
I20200224203422.2.dcm,2988,2988,1323457,2297,9.57,0,65.321,4.611,1833.1,299.518,31.481,7.169,24.10093175,6.525460278,Old,1
I20200224203422.3.dcm,2422,2422,1449220,2386,0,0,79.893,31.263,2857.667,952.145,37.098,9.948,38.99036199,10.03974391,Old,1
I20200224203422.6.dcm,2580,2580,1415320,2495,0,0,84.367,50.877,2652.75,1454.161,36.135,6.961,37.1612478,9.897578048,Old,1
I20200224203551.2.dcm,2772,2772,1578949,2448,0,0,74.252,32.213,2409.778,903.976,36.707,5.487,32.98599847,7.253854574,Old,1
I20200224203707.5.dcm,2895,2895,1504666,2486,11.93,10.31,70.788,24.459,1977.444,701.603,30.895,7.321,24.03555695,8.681159789,Old,1
I20200226165956.1.dcm,2333,2333,898361,1905,16.8,0,51.653,2.852,1316.5,108.388,13.922,5.247,10.69205503,4.925403362,Young 2,4
I20200226165956.2.dcm,3117,3117,2071410,2782,17.65,0,63.526,6.55,2204.4,312.564,31.734,7.521,25.16648101,6.504422069,Young 2,4
I20200226165956.3.dcm,3186,3186,2011513,2761,17.76,10.51,71.398,5.179,2556,267.597,29.916,7.672,24.52902795,7.550072186,Young 2,4
I20200226165956.4.dcm,2123,2123,1257147,2122,0,0,63.109,8.926,1621.7,195.599,24.273,5.884,17.78494784,6.064601188,Young 2,4
I20200226165956.5.dcm,1977,1977,1080235,2243,0,0,61.081,4.141,1753,259.719,25.771,5.764,17.89103202,5.331099805,Young 2,4
I20200226165956.6.dcm,2519,2519,1397764,2366,10.95,0,62.882,3.498,1966.3,198.678,31.516,5.887,23.36676889,6.517768255,Young 2,4
I20200226170331.1.dcm,2512,2512,1010507,1924,15.91,0,49.09,3.459,1186.6,138.636,14.38,5.358,10.93482284,5.214458805,Young 2,Wild Type
I20200226170331.4.dcm,2191,2191,1934814,2497,36.78,0,93.436,12.694,2214.6,236.871,29.691,8.522,20.73974301,8.508622276,Young 2,Wild Type
I20200226170454.1.dcm,2515,2515,1012595,1956,16.53,0,50.026,3.829,1263.9,110.775,14.493,5.211,11.05960327,4.952306414,Young 2,Wild Type
I20200226170454.6.dcm,3114,3114,1836063,2629,13.18,0,73.033,26.791,2419,876.763,37.814,8.811,33.67690982,8.131079582,Young 2,Wild Type
I20200226170818.1.dcm,2493,2493,985670,1959,18.39,0,50.537,3.913,1206.1,179.154,13.255,5.076,9.733182987,4.861576205,Old,Wild Type
I20200226171330.1.dcm,2443,2443,960536,1950,18.14,0,50.632,2.595,1221.2,171.948,13.738,5.202,10.31589595,4.913516374,Very Young,5
I20200226171330.2.dcm,1800,1800,1030620,1960,0,0,61.431,3.725,1505.3,134.792,16.942,5.209,10.25989813,4.702465275,Very Young,5
I20200226171330.3.dcm,1763,1763,1030057,2140,0,0,58.325,4.985,1599.3,199.772,19.342,5.675,12.59593505,4.628210087,Very Young,5
I20200226171330.4.dcm,2837,2837,1047415,2143,12.06,0,63.039,2.469,1670.5,166.478,19.77,5.833,12.78750016,4.969130182,Very Young,5
I20200226171330.5.dcm,2338,2338,1052807,1913,0,0,52.115,3.961,1184.7,196.094,14.908,5.707,8.990595355,4.972455185,Very Young,5
I20200226171330.6.dcm,1913,1913,960595,1945,23.85,0,66.499,7.582,1585.9,156.952,17.299,6.421,10.34187673,5.380747464,Very Young,5
I20200226171330.8.dcm,1708,1708,1266736,2021,0,0,58.358,3.465,1464.9,179.34,17.272,5.678,10.88556389,4.787501382,Very Young,5
I20200226171515.1.dcm,2430,2430,970377,1945,19.53,0,50.364,6.917,1164.8,228.215,13.637,4.68,10.69168365,4.270929816,Old,Wild Type
I20200226171515.2.dcm,2024,2024,1185188,2061,0,0,54.432,5.669,1395.8,231.175,19.627,5.388,13.16529029,4.904087237,Old,Wild Type
I20200226171515.3.dcm,2337,2337,993480,2033,10.93,0,54.405,4.249,1366.5,120.466,15.571,5.411,9.435769909,4.404457058,Old,Wild Type
I20200226171515.4.dcm,1729,1729,916792,2048,0,0,61.151,23.086,1514,536.138,16.112,5.982,9.993133827,5.040783263,Old,Wild Type
I20200226171515.5.dcm,1938,1938,1211930,2053,18.19,0,52.052,3.939,1323.2,144.142,17.997,7.22,13.22357871,6.331304603,Old,Wild Type
I20200226171515.6.dcm,1896,1896,1366302,1919,0,16.09,55.686,2.933,1324.7,139.216,17.581,5.966,11.50778981,5.128560112,Old,Wild Type
I20200226171515.7.dcm,2315,2315,950165,2034,14.79,0,55.508,3.308,1380.6,169.414,17.871,6.04,10.98991998,5.437062877,Old,Wild Type
I20200226171741.1.dcm,2421,2421,961108,1977,18.69,0,48.888,3.209,1118.9,91.367,14.269,4.864,11.0085108,4.728713486,Very Young,5
I20200226171741.2.dcm,2554,2554,1034868,2032,17.41,0,55.723,4.692,1446.7,162.253,20.237,5.656,13.45178079,5.09388393,Very Young,5
I20200226171741.3.dcm,2347,2347,1092881,2048,12.53,0,55.438,4.135,1395.1,182.518,16.291,5.719,9.801095962,4.917119492,Very Young,5
I20200226171741.4.dcm,2491,2491,1049229,2058,22.32,0,58.46,3.507,1445.4,219.303,16.61,6.112,9.76485492,5.570694224,Very Young,5
I20200226171741.6.dcm,2271,2271,1123865,2113,19.58,0,57.726,3.74,1419.6,146.731,21.685,5.202,16.25086675,4.713449318,Very Young,5
I20200226171741.7.dcm,1996,1996,1019775,1972,0,0,56.847,4.469,1354.7,140.371,18.771,5.269,13.19917807,4.318894146,Very Young,5
I20200226171741.8.dcm,2705,2705,1040859,2176,4.4,8.68,61.521,4.46,1563,169.479,21.64,6.03,15.48835606,4.999702102,Very Young,5
I20200226172007.1.dcm,2174,2174,1002787,1947,13.92,0,50.703,4.443,1142.3,108.324,14.552,4.828,10.69777751,4.644381471,Young 2,Wild Type
I20200226172007.2.dcm,2554,2554,1580013,2301,0,12.91,58.362,4.059,1516.4,241.566,29.003,7.361,22.0296816,6.75349425,Young 2,Wild Type
I20200226172007.3.dcm,2428,2428,1391267,2082,6.07,0,54.309,3.969,1437,197.352,26.539,7.088,19.49133369,6.206528123,Young 2,Wild Type
I20200226172007.4.dcm,2470,2470,2075646,2516,13.01,0,60.767,5.014,1833.1,225.238,35.463,8.993,28.9718966,8.250576138,Young 2,Wild Type
I20200226172007.6.dcm,3130,3130,1999135,2556,17.05,0,60.946,5.879,1832.7,295.949,38.141,9.109,31.62994849,8.228555907,Young 2,Wild Type
I20200226172117.1.dcm,2154,2154,986245,1903,16.5,6.44,50.6,4.423,1172.4,221.633,13.78,4.742,10.11097759,4.354673163,Young 2,Wild Type
I20200226172117.2.dcm,3063,3063,1936182,2452,19.9,0,63.392,3.999,1930.2,232.484,35.868,8.59,29.97028669,7.707810714,Young 2,Wild Type
I20200226172117.3.dcm,2753,2753,1425558,2213,12.38,0,54.588,5.213,1631.4,215.293,29.037,7.875,20.7128652,6.126975594,Young 2,Wild Type
I20200226172117.4.dcm,2723,2723,1794680,2480,15.76,0,58.021,7.78,1817.6,198.965,32.655,12.482,26.33836474,10.86866586,Young 2,Wild Type
I20200226172117.5.dcm,2542,2542,1296550,2042,8.18,0,53.564,4.44,1599.8,226.161,27.809,6.177,20.46367306,5.806554468,Young 2,Wild Type
I20200226172901.1.dcm,2341,2341,951231,1972,16.29,0,50.157,3.73,1209.1,199.161,13.343,5.018,9.761766104,4.812087842,Very Young,Wild Type
I20200226172901.2.dcm,2268,2268,1247851,2083,0,11.27,55.012,2.946,1482.3,149.546,23.925,7.127,18.14119589,6.883764635,Very Young,Wild Type
I20200226172901.3.dcm,1229,1229,933180,1806,0,0,65.657,7.779,1149.3,131.879,13.857,6.36,9.822724301,5.672503686,Very Young,Wild Type
I20200226172901.4.dcm,1958,1958,1082247,2075,0,1.99,56.48,4.794,1528.7,216.986,20.261,6.391,14.00627453,5.433281562,Very Young,Wild Type
I20200226172901.5.dcm,1427,1427,849336,1695,0,0,55.163,7.87,1032.4,140.972,9.443,5.934,4.836489858,5.044205251,Very Young,Wild Type
I20200226173158.1.dcm,2313,2313,933563,2002,15.87,0,52.085,3.66,1268.9,134.131,11.738,5.264,7.854187499,5.073826085,Very Young,Wild Type
I20200226173158.2.dcm,2051,2051,911702,1853,20.54,18.9,44.738,3.044,977.7,121.737,11.269,6.833,6.667450644,6.256106282,Very Young,Wild Type
I20200226173158.3.dcm,1343,1343,840842,1574,0,0,48.769,3.648,914,93.177,6.895,15.545,0.925266509,15.56714099,Very Young,Wild Type
I20200226173158.4.dcm,1853,1853,908350,1696,19.99,13.37,42.979,13.542,905.3,287.453,9.773,4.509,3.711493845,4.250229969,Very Young,Wild Type
I20200226173158.5.dcm,1939,1939,1098086,1679,18.09,12.14,46.618,4.221,945.5,137.43,8.89,4.095,3.500038777,4.228954954,Very Young,Wild Type
I20200226173246.1.dcm,2331,2331,945471,1903,16.4,0,50.782,4.451,1160.4,192.546,13.259,5.232,9.480766845,4.857593463,Very Young,Wild Type
I20200226173246.2.dcm,2089,2089,1107619,1968,0,0,53.359,5.928,1215.3,228.243,14.943,6.286,9.325468782,5.771181439,Very Young,Wild Type
I20200226173246.5.dcm,2557,2557,1187395,2227,13.04,9.41,58.885,4.389,1485.7,194.969,22.007,6.389,15.40528747,5.738675808,Very Young,Wild Type
I20200226173345.1.dcm,2334,2334,946676,1922,20.01,0,50.791,4.621,1101.8,167.12,12.992,5.154,9.491204814,4.677455274,Very Young,Wild Type
I20200226173345.2.dcm,1806,1806,952080,1870,0,0,47.675,5.042,999.4,160.481,14.617,6.602,10.73885567,5.739199159,Very Young,Wild Type
I20200226173345.3.dcm,2065,2065,811689,1732,15.34,10.49,45.275,4.014,930.5,130.373,10.111,5.503,5.513868095,4.306222354,Very Young,Wild Type
I20200226173345.4.dcm,2557,2557,1305819,2115,21.36,0,55.539,4.461,1289.9,164.174,19.768,7.781,15.65852873,7.160784898,Very Young,Wild Type
I20200226173345.5.dcm,2021,2021,946277,1882,22.73,0,48.271,3.356,979.1,109.115,11.763,6.153,6.896779187,5.685001724,Very Young,Wild Type
I20200226173345.6.dcm,2026,2026,689659,1714,15.17,12.5,44.794,3.768,839.3,109.59,8.764,5.665,4.129528569,4.967100796,Very Young,Wild Type
I20200226173714.1.dcm,2316,2316,940855,1932,17.36,0,50.64,4.198,1091.1,161.895,11.435,5.208,7.661225493,4.686783653,Young 2,2
I20200226173714.2.dcm,2983,2983,1625213,2519,8.69,3.81,62.873,9.052,1772.7,298.225,34.971,9.975,32.31366482,12.8323182,Young 2,2
I20200226173714.3.dcm,2269,2269,1360022,1922,28.76,38.65,59.903,22.511,1494.2,316.403,29.543,4.397,21.09566146,3.907956469,Young 2,2
I20200226173905.1.dcm,2315,2315,938625,1934,17.91,0,50.41,3.545,1113.3,128.164,13.183,4.772,9.684505198,4.83265963,Old,Wild Type
I20200226173905.2.dcm,3209,3209,1635405,2739,17.87,14.47,78.439,6.894,2676.4,405.043,38.201,4.311,32.11510421,6.477282281,Old,Wild Type
I20200226173905.3.dcm,2921,2921,1639113,2386,15.3,0,74.29,8.169,2095.9,218.092,32.831,7.001,23.48835033,7.751940271,Old,Wild Type
I20200226173946.1.dcm,2320,2320,940496,1957,18.38,0,51.578,4.216,1178.1,110.689,13.14,4.832,9.366261278,4.79547251,Old,Wild Type
I20200226173946.2.dcm,2966,2966,1417333,2417,28.66,21.89,69.634,6.084,2055.4,193.07,31.799,4.903,30.53406069,8.495537184,Old,Wild Type
I20200226173946.3.dcm,2514,2514,1520690,2330,0,0,69.686,9.201,1730.2,101.218,28.09,6.575,19.89875255,8.38597779,Old,Wild Type
I20200226173946.4.dcm,2275,2275,2099125,2613,23.76,14.61,77.24,9.822,3016.6,544.469,39.335,8.537,31.81379982,8.84715194,Old,Wild Type
I20200226174430.1.dcm,2298,2298,926199,1883,17.28,0,51.697,6.466,1160.4,151.42,13.003,5.164,9.4024288,4.811859699,Old,Wild Type
I20200226174430.2.dcm,2518,2518,1325374,2313,0,0,70.533,13.63,1945.4,342.197,26.761,5.739,24.03320224,8.052281762,Old,Wild Type
I20200226174716.1.dcm,2288,2288,915213,1948,17.73,0,51.418,3.931,1230.4,149.803,11.437,4.959,7.756356732,4.751936583,Old,Wild Type
I20200226180258.1.dcm,2121,2121,905029,1931,16.41,0,53.902,4.052,1122.3,117.958,10.326,4.542,5.679294701,4.058507844,Young 1,5
I20200226180258.2.dcm,2118,2118,1442577,2166,0,0,58.609,4.116,1622.3,168.006,24.29,6.766,17.45576136,6.172937729,Young 1,5
I20200226180258.4.dcm,1651,1651,895872,1969,0,0,56.155,5.197,1487.6,276.427,22.34,6.471,13.74639029,6.139006251,Young 1,5
I20200226180336.3.dcm,2889,2889,1311192,2319,7.9,9.06,62.049,5.151,1700,192.034,25.021,5.883,17.5544859,5.785138245,Young 1,5
I20200226180336.4.dcm,2338,2338,1123199,1996,24.81,0,56.188,4.168,1303.7,185.405,18.821,6.029,12.12355619,6.522127565,Young 1,5
I20200226180336.5.dcm,2281,2281,1379615,2144,0,0,58.015,4.389,1545.7,217.961,24.575,7.006,18.37538037,6.517334534,Young 1,5
I20200226180336.6.dcm,2776,2776,1428995,2271,13.12,0,63.214,7.537,1874.9,312.535,24.969,6.771,18.27913033,5.520128192,Young 1,5
I20200226180859.1.dcm,2037,2037,897171,1971,16.78,6.17,53.651,3.464,1115.5,150.778,9.122,5.069,4.034333875,4.772457323,Young 2,6
I20200226180859.2.dcm,2250,2250,1472731,2204,16.39,11.2,54.486,2.527,1514.2,133.053,32.11,8.561,27.38392771,8.24564533,Young 2,6
I20200226180859.4.dcm,2257,2257,1489260,2275,25.3,0,71.472,9.369,1804.9,293.828,32.227,8.534,26.64790691,7.11653357,Young 2,6
I20200226180947.1.dcm,2046,2046,901233,1951,17.66,0,52.053,3.862,1062.3,177.795,9.797,4.903,5.889218607,3.985952228,Young 2,6
I20200226180947.2.dcm,1934,1934,1780395,2160,0,0,75.181,10.992,1470.7,273.293,32.817,7.253,29.09912528,6.716001134,Young 2,6
I20200226181027.1.dcm,2045,2045,900490,1951,18.56,0,52.337,3.598,1140.1,164.864,10.024,4.539,5.531186526,4.163751515,Young 2,6
I20200226181027.2.dcm,2017,2017,1455120,2104,0,0,54.799,3.694,1669.3,278.848,26.534,6.895,22.20939355,7.214983689,Young 2,6
I20200226181027.3.dcm,1852,1852,1312151,1910,0,0,64.927,7.701,1452.3,162.333,25.932,6.188,18.71913559,6.420458272,Young 2,6
I20200226181027.5.dcm,2357,2357,1338645,2044,0,0,56.787,5.718,1409.5,225.357,25.368,6.979,20.80520083,6.318722368,Young 2,6
I20200226181102.1.dcm,2036,2036,897184,1932,15.39,7.17,52.756,3.649,1155.1,147.888,9.115,4.935,4.595431334,4.546420457,Young 2,6
I20200226181102.2.dcm,2696,2696,1273865,2163,11.12,0,57.491,3.442,1470.3,156.55,27.644,6.636,21.01590246,6.847008453,Young 2,6
I20200226181102.3.dcm,2677,2677,1314067,2083,15.63,0,57.981,5.321,1640.6,223.846,28.422,6.813,22.15786014,6.035617521,Young 2,6
I20200226181102.4.dcm,1670,1670,1230500,1864,26.78,0,67.035,9.612,1268.3,139.639,21.583,7.469,15.09511958,6.293593721,Young 2,6
I20200226181813.1.dcm,1898,1898,898323,1934,14.51,4.33,54.622,3.456,1197.2,118.279,8.512,4.872,3.300070264,4.418470467,Old,Wild Type
I20200226181813.3.dcm,2468,2468,1125006,2073,37.24,0,69.409,11.266,1536.3,299.917,17.936,6.363,10.8640559,5.670660612,Old,Wild Type
I20200226181813.4.dcm,2019,2019,1144702,2098,33.91,0,82.236,14.113,1928.9,378.943,24.853,4.726,16.59022693,4.9507798,Old,Wild Type
I20200226181813.5.dcm,2800,2800,1462422,2359,24.7,0,74.836,24.026,1983.444,717.87,24.724,7.866,18.49013064,7.488789432,Old,Wild Type
I20200226181813.6.dcm,2450,2450,1238296,2151,25.26,22.51,68.055,10.11,1743.8,221.608,24.461,6.266,15.51361444,7.139486257,Old,Wild Type
I20200226181850.1.dcm,1905,1905,901287,1952,13.53,0,54.13,3.054,1210.5,96.354,8.8,4.779,3.602691801,4.521869943,Old,Wild Type
I20200226181850.3.dcm,1077,1077,336564,2202,12.64,0,60.622,4.332,1618.8,156.585,16.439,5.821,7.029207302,5.758309926,Old,Wild Type
I20200226181850.4.dcm,2909,2909,1485536,2390,14.49,0,79.446,32.122,2511.444,1105.527,36.253,6.6,25.4979465,7.092642284,Old,Wild Type
I20200226182127.1.dcm,1882,1882,892726,1907,17.28,4.62,56.129,1.687,1267,94.942,8.584,4.973,2.715666026,4.545359137,Old,Wild Type
I20200226182127.2.dcm,2214,2214,1513792,2230,21.72,0,75.812,6.623,1760,258.492,25.081,6.066,15.91855386,7.124832643,Old,Wild Type
I20200226182127.3.dcm,1890,1890,1298526,2035,23.14,0,67.961,10.44,1313.6,213.694,22.807,6.237,17.42415355,6.147963148,Old,Wild Type
I20200226182127.4.dcm,2392,2392,1353584,2313,0,0,63.695,4.671,1738.1,218.197,29.883,6.972,21.52666202,6.419481581,Old,Wild Type
I20200226182525.1.dcm,1523,1523,880440,1868,0,0,54.752,3.239,1193.9,122.499,7.962,4.842,2.343965194,4.676643702,Old,Wild Type
I20200226182525.6.dcm,2925,2925,1739165,2379,23.48,0,79.697,13.615,2229.3,334.007,36.45,6.908,29.50245266,7.049933152,Old,Wild Type
I20200226182525.7.dcm,2510,2510,1471697,2201,26.29,12,62.609,10.994,1688.3,254.216,26.137,8.406,15.52373407,8.362719509,Old,Wild Type
I20200226182959.1.dcm,1497,1497,879940,1867,0,0,54.398,3.218,1230.3,164.451,7.866,5.112,2.456011648,4.473168648,Old,Wild Type
I20200226182959.3.dcm,2924,2924,2125503,2747,0,0,68.294,6.373,2453.5,351.438,45.886,8.765,40.53731914,8.412120576,Old,Wild Type
I20200226183147.1.dcm,2171,2171,852466,1894,19.22,0,54.085,6.368,1202,188.605,8.821,5.048,4.219044944,4.684583663,Old,Wild Type
I20200226183147.3.dcm,2794,2794,2465134,2532,10.7,14.77,59.613,9.403,1956.4,384.416,42.228,4.853,34.61982432,3.985815213,Old,Wild Type
I20200226183147.4.dcm,3356,3356,2507303,2702,9.78,4.95,67.239,3.596,2215.2,158.821,41.972,8.767,36.76392449,8.400318455,Old,Wild Type
I20200226183630.1.dcm,2151,2151,835716,1908,17.76,0,55.429,3.798,1269.2,145.877,8.006,5.142,3.044530611,4.662545313,Old,Wild Type
I20200226183630.2.dcm,2205,2205,1574473,2278,0,0.68,63.707,5.454,1956.4,257.124,32.048,6.551,25.12927874,6.017659751,Old,Wild Type
I20200226183630.3.dcm,2625,2625,1556019,2260,25.6,0,64.233,8.547,1796.1,248.477,30.611,8.212,22.49706161,7.491795714,Old,Wild Type
I20200226183630.4.dcm,1747,1747,1384983,2147,0,0,77.153,14.019,1858.4,165.653,25.037,6.298,14.42122949,6.873621281,Old,Wild Type
I20200226183806.4.dcm,2870,2870,1509169,2357,16.43,11.96,63.648,5.068,2292.5,229.748,34.09,6.066,24.86559957,6.101375363,Old,Wild Type
I20200226183806.5.dcm,2626,2626,1645851,2277,20.11,12.76,61.661,18.743,2033,515.344,35.871,9.791,26.30657255,11.76886358,Old,Wild Type
I20200226183844.3.dcm,2901,2901,1426566,2275,11.9,7.36,61.578,5.276,1807.2,144.814,30.776,5.442,21.74674574,5.906397705,Old,Wild Type
I20200226183844.4.dcm,2024,2024,1620523,2247,0,0,61.934,4.662,1916.7,157.356,36.021,5.324,26.14574885,5.978941547,Old,Wild Type
I20200226183844.5.dcm,2988,2988,1804533,2309,16.81,7.86,65.055,4.612,2587.4,241.684,31.96,6.755,17.41433167,8.92278652,Old,Wild Type
I20200226183844.6.dcm,2754,2754,1626533,2418,18.64,6.38,62.793,3.395,1955.2,187.43,32.012,7.107,23.78002234,6.207274847,Old,Wild Type
I20200226184018.1.dcm,2101,2101,833857,1900,20.75,0,54.377,4.102,1206.7,133.045,8.049,4.86,3.636477438,4.25960334,Old,Wild Type
I20200226184018.2.dcm,2098,2098,1500299,2183,21.05,0,71.805,8.993,1814.2,303.791,31.139,7.164,22.2012087,6.879126548,Old,Wild Type
I20200226184018.4.dcm,2220,2220,1668478,2274,0,17.22,65.854,5.772,1974.4,250.478,29.086,5.87,17.64740709,5.148290553,Old,Wild Type
I20200226184107.1.dcm,2099,2099,828092,1875,20.48,0,54.363,3.197,1184.7,147.709,7.768,5.162,2.962073035,4.507182771,Old,Wild Type
I20200226184107.2.dcm,1954,1954,1017688,1896,0,0,59.448,21.31,1470.444,457.843,27.347,9.002,19.67999405,9.170315844,Old,Wild Type
I20200226184107.3.dcm,1730,1730,1317624,2110,0,0,61.117,5.122,1891.8,242.946,32.502,6.728,24.10887395,7.703394435,Old,Wild Type
I20200226184107.4.dcm,2350,2350,1574623,2370,19.89,0,61.84,5.256,1770.7,236.042,31.404,9.231,24.24081093,10.53273192,Old,Wild Type
I20200303161902.1.dcm,2309,2309,926243,1895,17.22,0,49.488,2.828,980.1,114.473,4.772,6.855,1.686019378,6.850101234,Very Young,7
I20200303161902.2.dcm,2491,2491,1136924,2031,17.17,10.54,53.189,5.08,1162.3,178.857,14.828,7.803,10.08270266,7.201923741,Very Young,7
I20200303161902.4.dcm,2457,2457,1142105,1985,16.6,0,53.251,3.162,1096.6,160.131,10.555,7.968,5.168930385,7.857664115,Very Young,7
I20200303161902.5.dcm,2498,2498,1118108,2027,13.76,0,54.115,4.688,1245.5,200.155,17.283,7.166,12.91300278,6.187823773,Very Young,7
I20200303161959.1.dcm,2260,2260,899742,1885,18.7,0,52.021,4.051,1004.5,128.538,7.177,6.372,4.116002405,6.419614215,Very Young,7
I20200303162111.1.dcm,2260,2260,900404,1923,17.85,0,52.095,2.921,1007.7,116.301,7.36,6.436,4.776556877,6.764713668,Very Young,7
I20200303162111.2.dcm,1847,1847,1226764,2046,22.42,0,53.613,3.581,1200.8,147.35,16.154,7.964,12.41773784,7.042519569,Very Young,7
I20200303162111.3.dcm,1835,1835,1082827,2082,0,0,54.99,3.897,1253.5,136.711,15.12,7.017,10.03805085,6.272468437,Very Young,7
I20200303162111.5.dcm,1480,1480,973499,1778,0,0,43.559,3.143,889,102.786,12.181,6.921,9.182273175,6.162905764,Very Young,7
I20200303170222.3.dcm,3085,3085,1613140,1671,0,4.44,63.782,12.387,1639.222,288.434,22.85,10.428,13.77690305,10.52177863,Young 2,8
I20200303170222.4.dcm,2600,2600,1412207,1880,12.7,0,56.254,7.276,1543.1,190.181,29.302,7.785,18.0861036,9.474602819,Young 2,8
I20200303170222.5.dcm,2706,2706,1206411,2164,16.62,9.57,50.437,4.959,1126.2,167.132,22.913,7.044,20.58012262,6.105119974,Young 2,8
I20200303170318.2.dcm,2848,2848,1550158,2188,16.98,6.99,50.237,3.675,1137.1,128.581,18.186,8.436,15.06749965,8.464219408,Young 2,8
I20200303170427.3.dcm,2232,2232,1168122,1759,26.88,0,61.228,12.444,1770.5,522.29,22.8,10.184,12.78233444,8.365088185,Young 2,8
I20200303170503.3.dcm,2789,2789,1884356,2203,14.24,10.01,67.976,15.444,1799.5,375.259,27.605,16.67,20.53813965,16.14593191,Young 2,8
I20200303170503.4.dcm,3071,3071,1899081,2331,12.48,10.75,59.985,14.621,2107.5,376.924,28.49,10.354,22.60079281,8.89973785,Young 2,8
I20200303170533.2.dcm,3181,3181,1670242,2002,9.06,6.14,61.139,9.958,1648,363.344,28.526,8.259,19.99562663,8.341616934,Young 2,8
I20200303170533.4.dcm,2422,2422,1340516,2066,19.9,0,53.146,11.606,1375.9,333.354,21.287,8.337,17.77593992,7.520458255,Young 2,8
I20200303171005.1.dcm,2349,2349,898546,1865,17.86,11.12,50.348,4.056,1044,121.355,4.493,6.328,1.932863294,5.809861221,Young 1,8
I20200303171005.2.dcm,2565,2565,1831205,1883,47.03,0,59.867,27.423,1375.2,487.622,28.67,7.993,21.62910161,8.007845106,Young 1,8
I20200303171005.3.dcm,2562,2562,1209767,1929,21.73,16.39,63.071,20.618,1649.125,611.01,22.047,10.029,12.82478105,8.203393343,Young 1,8
I20200303171005.4.dcm,2703,2703,1326091,2060,6.51,7.91,64.182,8.348,1613.9,292.688,25.462,8.917,18.2954644,8.14536911,Young 1,8
I20200303171101.1.dcm,2348,2348,901568,1904,16.28,0,52.434,5.512,1048.1,152.676,3.037,6.346,0.1063856991,5.704867017,Young 1,8
I20200303171101.2.dcm,2406,2406,1373302,1611,18.44,0,66.706,35.994,1870.286,1161.985,36.851,20.089,28.90116806,16.01923827,Young 1,8
I20200303171520.1.dcm,2328,2328,888154,1923,15.42,0,49.675,2.981,1007.4,163.34,4.722,6.388,2.353305514,5.646536769,Young 1,8
I20200303171520.2.dcm,1680,1680,798002,1812,20.98,21.99,51.765,2.914,946.7,141.379,2.208,6.456,-2.816578793,6.367589134,Young 1,8
I20200303171520.3.dcm,2637,2637,1716757,2392,21.5,0,60.128,6.291,1456.1,246.006,17.874,9.108,13.40308567,8.668931779,Young 1,8
I20200303171623.1.dcm,2333,2333,893713,1882,15.6,0,51.45,3.133,1049.6,133.353,2.927,6.552,0.2519747037,6.174083266,Young 2,8
I20200303172606.1.dcm,2149,2149,875134,1871,16.88,0,51.579,3.791,1066.9,155.955,1.987,6.143,-0.6700991859,5.812248075,Young 2,3
I20200303172606.2.dcm,1632,1632,1230633,1236,0,0,81.262,15.689,2482.5,363.834,38.21,5.745,-0.4904450334,5.527215204,Young 2,3
I20200303172606.3.dcm,1671,1671,1237508,1430,0,0,76.662,13.446,2226,395.039,37.379,10.061,16.61300439,6.943206484,Young 2,3
I20200303172749.1.dcm,2150,2150,891262,1883,19.26,0,51.233,4.676,1053.7,164.21,1.807,6.127,0.4347692758,5.466409271,Young 2,7
I20200303172749.2.dcm,2970,2970,1889414,2411,17.77,4.4,59.36,4.434,1587.5,186.239,21.943,8.009,26.46651919,4.543433186,Young 2,7
I20200303172846.1.dcm,2157,2157,892232,1841,16.87,0,51.701,3.701,1067.5,137.036,3.149,6.112,-0.1558210256,5.684368428,Young 2,7
I20200303172846.2.dcm,2927,2927,1877483,2170,10.11,3.53,63.019,3.237,1660.4,148.297,32.994,4.701,18.60437036,6.530831968,Young 2,7
I20200303172936.1.dcm,2121,2121,862035,1961,16.38,0,51.747,3.328,1023.3,137.888,2.602,6.165,15.38331467,5.812587751,Young 2,7
I20200303172936.15.dcm,2818,2818,1615093,2394,7.82,5.23,60.236,3.94,1525,199.324,25.141,6.6,1.245066356,5.474434489,Young 2,7
I20200303172936.5.dcm,2673,2673,1382828,2624,14.7,11.22,57.486,6.308,1531.5,342.064,23.614,6.709,21.21962901,9.40011194,Young 2,7
I20200303173157.1.dcm,2339,2339,877226,1914,18.57,0,53.531,2.181,1111.3,108.222,6.136,5.453,-0.4896852522,5.680317871,Old,8
I20200303173157.2.dcm,3208,3208,1862117,1674,18.51,0,39.764,3.954,931.5,125.929,29.041,9.659,19.01977207,10.04204843,Old,8
I20200303173452.1.dcm,2345,2345,877707,1960,16.35,0,53.58,2.166,1134.8,88.176,4.436,5.491,0.7084907059,5.521842696,Old,8
I20200303173452.4.dcm,2710,2710,2535294,2091,25.72,13.49,48.156,2.829,1258.6,108.143,29.408,9.391,21.3638727,6.889655534,Old,8
I20200303173524.1.dcm,2310,2310,868136,1956,16.63,0,54.026,2.823,1137.1,109.927,5.789,5.983,-2.366980499,5.640847526,Old,8
I20200303173524.3.dcm,3026,3026,1993655,1621,27.75,0,45.816,2.795,1039.4,92,30.533,7.021,19.47655944,5.658414526,Old,8
I20200303174516.1.dcm,2266,2266,847982,1930,17.82,0,55.532,2.722,1184.9,97.831,3.99,5.754,-1.697724574,5.603003144,Young 2,8
I20200303174516.2.dcm,1807,1807,1174432,1578,0,0,40.426,3.999,880,199.314,28.772,5.943,7.326897302,5.751637552,Young 2,8
I20200303174544.1.dcm,2246,2246,838763,2021,16.84,0,54.715,2.19,1183.6,92.358,4.263,5.824,20.34505404,6.944485206,Young 2,8
I20200312121734.1.dcm,2087,2087,942821,2004,14.6,6.92,52.237,3.457,1148.9,118.072,10.942,5.452,23.87375279,6.900985123,Old,Wild Type
I20200312121734.2.dcm,2644,2644,1406434,2118,28.61,0,53.707,4.818,1334.6,169.098,24.923,7.542,12.35268008,5.041021743,Old,Wild Type
I20200312121734.3.dcm,2597,2597,1699232,2257,26.4,0,63.935,9.193,1741.3,317.184,29.559,7.675,14.12443727,6.064321254,Old,Wild Type
I20200312121734.4.dcm,1722,1722,777458,1843,0,0.43,46.122,4.038,981.2,148.923,15.422,6.075,3.059713318,4.646589594,Old,Wild Type
I20200312121734.5.dcm,2201,2201,1045323,2010,0,0,50.344,3.032,1111.9,101.656,19.844,6.216,12.81733767,4.992603709,Old,Wild Type
I20200312121734.6.dcm,2462,2462,926511,2096,17.03,0,54.555,3.229,1352.6,127.859,10.589,3.83,7.622118884,5.062038467,Old,Wild Type
I20200312121734.7.dcm,2247,2247,706120,1837,17.18,0,46.33,3.273,1088.5,147.051,16.473,5.653,31.65323477,3.411671121,Old,Wild Type
I20200312122054.1.dcm,2101,2101,949621,1989,12.8,5.6,51.531,3.34,1190.6,144.962,11.252,5.281,31.582211,8.132734273,Old,Wild Type
I20200312122054.2.dcm,2849,2849,2058502,2477,18.61,0,68.015,6.286,1999,322.199,37.156,5.655,6.481034916,5.512817735,Old,Wild Type
I20200312122054.3.dcm,3327,3327,2109245,2618,44.61,29.43,75.813,20.329,2234,290.777,38.28,8.809,25.42502348,2.482640861,Old,Wild Type
I20200312122140.1.dcm,2105,2105,948922,1957,14.43,6.44,53.744,2.704,1167.8,90.648,10.986,5.365,24.43011088,5.903721203,Old,Wild Type
I20200312122140.2.dcm,2459,2459,1538836,2260,0,14.48,60.004,4.762,1793.9,219.011,31.913,3.634,18.60073567,5.24848879,Old,Wild Type
I20200312122140.3.dcm,2967,2967,1695933,2410,25.64,0,66.959,5.018,2030.3,226.044,31.105,7.184,24.89759619,5.506249469,Old,Wild Type
I20200312122140.4.dcm,2742,2742,1318160,2130,22.48,18.25,52.5,3.866,1299.8,156.541,23.675,5.816,31.83796405,7.837237636,Old,Wild Type
I20200312122140.5.dcm,2372,2372,1575380,2236,17.97,0,61.745,9.214,1683.5,238.925,29.484,6.904,18.60228949,5.757754199,Old,Wild Type
I20200315135044.4.dcm,2590,2590,1856988,2350,18.71,0,61.555,4.655,2176,283.84,37.937,7.849,25.01060529,6.456364898,Young 1,Wild Type
I20200315135044.6.dcm,2044,2044,1616157,2162,0,0,50.548,4.102,1167.8,158.792,23.433,6.403,25.7471679,5.859049462,Young 1,Wild Type
I20200315135044.7.dcm,2041,2041,1436087,2081,30.53,0,58.434,9.079,1471.7,214.516,29.843,7.342,26.39961115,7.023161932,Young 1,Wild Type